{"cameraMode":{"drawMode":0,"name":"Shaded","section":"Shading Mode"},"sceneLighting":true,"audioPlay":false,"sceneViewState":{"m_AlwaysRefresh":false,"showFog":true,"showSkybox":false,"showFlares":true,"showImageEffects":true,"showParticleSystems":true,"showVisualEffectGraphs":true,"m_FxEnabled":true},"in2DMode":false,"pivot":{"x":5.960464477539063e-8,"y":1.1920928955078126e-7,"z":0.024197369813919069},"rotation":{"x":0.3066553771495819,"y":-0.28925707936286929,"z":0.098406583070755,"w":0.9014610648155212},"size":1.116869568824768,"orthographic":true}